{
    "name": "root",
    "gauges": {
        "Movement.Policy.Entropy.mean": {
            "value": 1.5992969274520874,
            "min": 1.473214030265808,
            "max": 1.6019140481948853,
            "count": 26
        },
        "Movement.Policy.Entropy.sum": {
            "value": 80359.875,
            "min": 74051.1015625,
            "max": 80359.875,
            "count": 26
        },
        "Movement.Step.mean": {
            "value": 1799962.0,
            "min": 549954.0,
            "max": 1799962.0,
            "count": 26
        },
        "Movement.Step.sum": {
            "value": 1799962.0,
            "min": 549954.0,
            "max": 1799962.0,
            "count": 26
        },
        "Movement.Policy.ExtrinsicValueEstimate.mean": {
            "value": -16.954240798950195,
            "min": -17.934226989746094,
            "max": -12.126538276672363,
            "count": 26
        },
        "Movement.Policy.ExtrinsicValueEstimate.sum": {
            "value": -14004.203125,
            "min": -14777.8037109375,
            "max": -9858.8759765625,
            "count": 26
        },
        "Movement.Environment.EpisodeLength.mean": {
            "value": 570.6511627906976,
            "min": 554.1444444444444,
            "max": 759.8636363636364,
            "count": 26
        },
        "Movement.Environment.EpisodeLength.sum": {
            "value": 49076.0,
            "min": 46070.0,
            "max": 52046.0,
            "count": 26
        },
        "Movement.Environment.CumulativeReward.mean": {
            "value": -114.67836319291314,
            "min": -120.2074905164314,
            "max": -112.48732038655065,
            "count": 26
        },
        "Movement.Environment.CumulativeReward.sum": {
            "value": -9862.33923459053,
            "min": -10123.454265594482,
            "max": -7933.694374084473,
            "count": 26
        },
        "Movement.Policy.ExtrinsicReward.mean": {
            "value": -114.67836319291314,
            "min": -120.2074905164314,
            "max": -112.48732038655065,
            "count": 26
        },
        "Movement.Policy.ExtrinsicReward.sum": {
            "value": -9862.33923459053,
            "min": -10123.454265594482,
            "max": -7933.694374084473,
            "count": 26
        },
        "Movement.Losses.PolicyLoss.mean": {
            "value": 0.02410366179562213,
            "min": 0.020846437886163284,
            "max": 0.033683905463355285,
            "count": 26
        },
        "Movement.Losses.PolicyLoss.sum": {
            "value": 0.12051830897811064,
            "min": 0.09819984147979995,
            "max": 0.16161517230890846,
            "count": 26
        },
        "Movement.Losses.ValueLoss.mean": {
            "value": 15.79549716949463,
            "min": 11.530725523630776,
            "max": 16.592381159464516,
            "count": 26
        },
        "Movement.Losses.ValueLoss.sum": {
            "value": 78.97748584747315,
            "min": 53.09284489949544,
            "max": 82.96190579732257,
            "count": 26
        },
        "Movement.Policy.LearningRate.mean": {
            "value": 0.00028935330954889797,
            "min": 0.00028935330954889797,
            "max": 0.0002968456465514515,
            "count": 26
        },
        "Movement.Policy.LearningRate.sum": {
            "value": 0.00144676654774449,
            "min": 0.0011609895850034759,
            "max": 0.0014828426517191177,
            "count": 26
        },
        "Movement.Policy.Epsilon.mean": {
            "value": 0.19645110200000002,
            "min": 0.19645110200000002,
            "max": 0.1989485485,
            "count": 26
        },
        "Movement.Policy.Epsilon.sum": {
            "value": 0.9822555100000001,
            "min": 0.786996524,
            "max": 0.9942808819999999,
            "count": 26
        },
        "Movement.Policy.Beta.mean": {
            "value": 0.004822909989800001,
            "min": 0.004822909989800001,
            "max": 0.00494753257015,
            "count": 26
        },
        "Movement.Policy.Beta.sum": {
            "value": 0.024114549949000003,
            "min": 0.019351126547600007,
            "max": 0.024714616011800004,
            "count": 26
        },
        "Movement.IsTraining.mean": {
            "value": 1.0,
            "min": 1.0,
            "max": 1.0,
            "count": 26
        },
        "Movement.IsTraining.sum": {
            "value": 1.0,
            "min": 1.0,
            "max": 1.0,
            "count": 26
        }
    },
    "metadata": {
        "timer_format_version": "0.1.0",
        "start_time_seconds": "1694902432",
        "python_version": "3.9.13 (tags/v3.9.13:6de2ca5, May 17 2022, 16:36:42) [MSC v.1929 64 bit (AMD64)]",
        "command_line_arguments": "C:\\Users\\ivant\\OneDrive\\Documents\\GitHub\\testing-unity-stuff\\venv\\Scripts\\mlagents-learn --run-id=Stage2Test5 C:\\Users\\ivant\\OneDrive\\Documents\\GitHub\\testing-unity-stuff\\results\\Stage2Test5\\configuration.yaml --resume",
        "mlagents_version": "0.29.0",
        "mlagents_envs_version": "0.29.0",
        "communication_protocol_version": "1.5.0",
        "pytorch_version": "2.0.1+cu118",
        "numpy_version": "1.21.2",
        "end_time_seconds": "1694905934"
    },
    "total": 3501.8588279,
    "count": 1,
    "self": 10.00828459999957,
    "children": {
        "run_training.setup": {
            "total": 0.11049759999999997,
            "count": 1,
            "self": 0.11049759999999997
        },
        "TrainerController.start_learning": {
            "total": 3491.7400457000003,
            "count": 1,
            "self": 3.9717614999681246,
            "children": {
                "TrainerController._reset_env": {
                    "total": 31.7869286,
                    "count": 1,
                    "self": 31.7869286
                },
                "TrainerController.advance": {
                    "total": 3455.8361127000326,
                    "count": 148733,
                    "self": 4.063817800109064,
                    "children": {
                        "env_step": {
                            "total": 2934.0875078999784,
                            "count": 148733,
                            "self": 1986.7793188999922,
                            "children": {
                                "SubprocessEnvManager._take_step": {
                                    "total": 944.662902199997,
                                    "count": 148733,
                                    "self": 11.32248929996149,
                                    "children": {
                                        "TorchPolicy.evaluate": {
                                            "total": 933.3404129000355,
                                            "count": 147071,
                                            "self": 272.55084470006,
                                            "children": {
                                                "TorchPolicy.sample_actions": {
                                                    "total": 660.7895681999755,
                                                    "count": 147071,
                                                    "self": 660.7895681999755
                                                }
                                            }
                                        }
                                    }
                                },
                                "workers": {
                                    "total": 2.645286799989279,
                                    "count": 148732,
                                    "self": 0.0,
                                    "children": {
                                        "worker_root": {
                                            "total": 3454.143389500025,